,micro_f1,macro_f1,accuracy
1,0.15422885572139303,0.024532799389778797,0.15422885572139303
2,0.15422885572139303,0.02094484039013264,0.15422885572139303
4,0.15422885572139303,0.019439792102051805,0.15422885572139303
8,0.1890547263681592,0.04220315895839944,0.1890547263681592
