,micro_f1,macro_f1,accuracy
1,0.16417910447761194,0.032533191085822664,0.16417910447761194
2,0.15422885572139303,0.020028434579761754,0.15422885572139303
4,0.18407960199004975,0.042673277606347274,0.18407960199004975
8,0.19900497512437812,0.06408659989895688,0.19900497512437812
