,micro_f1,macro_f1,accuracy
32,0.1691542288557214,0.043524580274886274,0.1691542288557214
64,0.16417910447761194,0.052553050935811245,0.16417910447761194
128,0.15920398009950248,0.04309591966089739,0.15920398009950248
