,micro_f1,macro_f1,accuracy
1,0.15422885572139303,0.02487825739166502,0.15422885572139303
2,0.15920398009950248,0.02524791810082634,0.15920398009950248
4,0.16417910447761194,0.026570048309178744,0.16417910447761194
8,0.1691542288557214,0.029931972789115645,0.1691542288557214
