,micro_f1,macro_f1,accuracy
0.0,0.15422885572139303,0.031152250054726837,0.15422885572139303
0.3,0.13930348258706468,0.025994243954445308,0.13930348258706468
0.5,0.14427860696517414,0.027423900660742764,0.14427860696517414
0.7,0.13432835820895522,0.023795451194832003,0.13432835820895522
