,micro_f1,macro_f1,accuracy
1,0.14925373134328357,0.019377774044048668,0.14925373134328357
2,0.15422885572139303,0.02394582948599569,0.15422885572139303
4,0.1890547263681592,0.05185369665368036,0.1890547263681592
8,0.19402985074626866,0.06621087086159431,0.19402985074626866
