,micro_f1,macro_f1,accuracy
1,0.14427860696517414,0.016922741636700444,0.14427860696517414
2,0.14925373134328357,0.019222012259351096,0.14925373134328357
4,0.1691542288557214,0.03232764568271035,0.1691542288557214
8,0.15920398009950248,0.024814045347286345,0.15920398009950248
