,micro_f1,macro_f1,accuracy
1,0.14427860696517414,0.021345720573210027,0.14427860696517414
2,0.16417910447761194,0.027602974828375284,0.16417910447761194
4,0.1791044776119403,0.03814635272391505,0.1791044776119403
8,0.17412935323383086,0.04505542972170434,0.17412935323383086
