,micro_f1,macro_f1,accuracy
1,0.09950248756218906,0.011382097799083373,0.09950248756218906
2,0.14427860696517414,0.025375494095094066,0.14427860696517414
3,0.21890547263681592,0.08775798641690186,0.21890547263681592
