,micro_f1,macro_f1,accuracy
32,0.208955223880597,0.09118898716459693,0.208955223880597
64,0.1791044776119403,0.08202724020407741,0.1791044776119403
128,0.17412935323383086,0.06705703415085566,0.17412935323383086
