,micro_f1,macro_f1,accuracy
32,0.18407960199004975,0.05643610600335219,0.18407960199004975
64,0.15422885572139303,0.03226605932067226,0.15422885572139303
128,0.17412935323383086,0.045971260725294234,0.17412935323383086
