{
  "table_a": {
    "GCN": {
      "micro_f1": 0.13432835820895522,
      "macro_f1": 0.023822597318962156,
      "accuracy": 0.13432835820895522,
      "train_losses": [
        3.7469165325164795,
        3.708381414413452,
        3.667433977127075,
        3.633765697479248,
        3.596436023712158,
        3.5612359046936035,
        3.5287036895751953,
        3.490645408630371,
        3.4637351036071777,
        3.4277403354644775,
        3.406195640563965,
        3.380031108856201,
        3.355473279953003,
        3.3501834869384766,
        3.333000421524048,
        3.3174638748168945,
        3.310983896255493,
        3.302090644836426,
        3.3015940189361572,
        3.278468608856201,
        3.2859959602355957,
        3.2735395431518555,
        3.265303373336792,
        3.246481418609619,
        3.2483608722686768,
        3.236335277557373,
        3.2396109104156494,
        3.2290942668914795,
        3.2161550521850586,
        3.2175135612487793,
        3.2074949741363525,
        3.200009822845459,
        3.1948843002319336,
        3.181885242462158,
        3.1846516132354736,
        3.1685307025909424,
        3.1841328144073486,
        3.181900978088379,
        3.1687839031219482,
        3.1550962924957275,
        3.1686103343963623,
        3.144807815551758,
        3.136807918548584,
        3.1336610317230225,
        3.1382224559783936,
        3.1189639568328857,
        3.122168779373169,
        3.1167852878570557,
        3.1028683185577393,
        3.0952975749969482,
        3.0917322635650635,
        3.0883419513702393,
        3.078159809112549,
        3.081115245819092,
        3.0732316970825195,
        3.068859100341797,
        3.0596323013305664,
        3.0625648498535156,
        3.052788734436035,
        3.0519402027130127,
        3.056234359741211,
        3.0484108924865723,
        3.053866147994995,
        3.0362303256988525,
        3.0251216888427734,
        3.007960796356201,
        3.0190625190734863,
        3.0013043880462646,
        2.990435838699341,
        3.0240068435668945,
        3.0105159282684326,
        3.004509210586548,
        2.992717981338501,
        2.9908559322357178,
        2.989358425140381,
        2.9858973026275635,
        2.9988276958465576,
        2.9720046520233154,
        2.976041316986084
      ],
      "val_f1_scores": [
        0.04477611940298507,
        0.06965174129353234,
        0.0845771144278607,
        0.0945273631840796,
        0.11442786069651742,
        0.16417910447761194,
        0.15920398009950248,
        0.14925373134328357,
        0.14427860696517414,
        0.12935323383084577,
        0.11442786069651742,
        0.11442786069651742,
        0.11442786069651742,
        0.11442786069651742,
        0.11442786069651742,
        0.11442786069651742,
        0.11442786069651742,
        0.11442786069651742,
        0.11442786069651742,
        0.11442786069651742,
        0.11442786069651742,
        0.12437810945273632,
        0.13930348258706468,
        0.14427860696517414,
        0.15920398009950248,
        0.18407960199004975,
        0.19900497512437812,
        0.20398009950248755,
        0.22885572139303484,
        0.22885572139303484,
        0.22885572139303484,
        0.21890547263681592,
        0.208955223880597,
        0.20398009950248755,
        0.19900497512437812,
        0.19900497512437812,
        0.19900497512437812,
        0.19900497512437812,
        0.19900497512437812,
        0.20398009950248755,
        0.20398009950248755,
        0.20398009950248755,
        0.19402985074626866,
        0.1890547263681592,
        0.18407960199004975,
        0.1791044776119403,
        0.18407960199004975,
        0.18407960199004975,
        0.18407960199004975,
        0.18407960199004975,
        0.18407960199004975,
        0.1890547263681592,
        0.1890547263681592,
        0.1890547263681592,
        0.18407960199004975,
        0.18407960199004975,
        0.1791044776119403,
        0.18407960199004975,
        0.18407960199004975,
        0.1791044776119403,
        0.17412935323383086,
        0.17412935323383086,
        0.18407960199004975,
        0.19402985074626866,
        0.19402985074626866,
        0.19402985074626866,
        0.19402985074626866,
        0.19402985074626866,
        0.19402985074626866,
        0.19402985074626866,
        0.1890547263681592,
        0.19402985074626866,
        0.19402985074626866,
        0.19402985074626866,
        0.19402985074626866,
        0.1890547263681592,
        0.1890547263681592,
        0.1890547263681592,
        0.1890547263681592
      ]
    },
    "GAT": {
      "micro_f1": 0.15920398009950248,
      "macro_f1": 0.023878793521941638,
      "accuracy": 0.15920398009950248,
      "train_losses": [
        3.7834112644195557,
        3.663351535797119,
        3.5676398277282715,
        3.482733964920044,
        3.440664529800415,
        3.49190616607666,
        3.4406960010528564,
        3.42679500579834,
        3.4059085845947266,
        3.4364919662475586,
        3.3911678791046143,
        3.3740427494049072,
        3.3399579524993896,
        3.3670742511749268,
        3.3441247940063477,
        3.3518354892730713,
        3.3392388820648193,
        3.330686569213867,
        3.309818744659424,
        3.317751884460449,
        3.2964272499084473,
        3.289996385574341,
        3.3243465423583984,
        3.2719223499298096,
        3.272361993789673,
        3.289038896560669,
        3.2553999423980713,
        3.2344889640808105,
        3.270346164703369,
        3.2441372871398926,
        3.2504723072052,
        3.2435243129730225,
        3.2105607986450195,
        3.2027039527893066,
        3.206385374069214,
        3.247278928756714,
        3.2142233848571777,
        3.226780414581299,
        3.201470375061035,
        3.2303647994995117,
        3.1813323497772217,
        3.1769466400146484,
        3.2103545665740967,
        3.1740565299987793,
        3.1855082511901855,
        3.167651414871216,
        3.1669230461120605,
        3.1910014152526855,
        3.178382158279419,
        3.1697280406951904,
        3.179307222366333,
        3.1616203784942627,
        3.142876148223877,
        3.1259164810180664,
        3.1582326889038086,
        3.1237218379974365,
        3.156578302383423,
        3.1366240978240967,
        3.1342928409576416,
        3.1561832427978516,
        3.111968755722046,
        3.128690004348755,
        3.1061549186706543,
        3.117966890335083,
        3.1233882904052734,
        3.1352760791778564,
        3.0851316452026367,
        3.0958352088928223,
        3.111243724822998,
        3.097121477127075,
        3.0932810306549072,
        3.1138267517089844,
        3.097966194152832,
        3.103776454925537,
        3.0783281326293945,
        3.0563275814056396,
        3.0829172134399414,
        3.066943407058716,
        3.083160400390625,
        3.0485494136810303,
        3.0991268157958984,
        3.0707814693450928,
        3.041184902191162,
        3.071643590927124,
        3.0694081783294678,
        3.0561985969543457,
        3.09629225730896,
        3.0717997550964355,
        3.0382792949676514,
        3.0677638053894043,
        3.046846389770508,
        3.020700216293335,
        3.077707052230835,
        3.0509448051452637,
        3.071932554244995,
        3.0635106563568115,
        3.047165632247925,
        3.038130760192871,
        3.045753240585327,
        3.069948673248291
      ],