{
  "summary": {
    "Metric": [
      "Total Nodes",
      "Labeled Nodes",
      "Total Edges",
      "Number of Classes",
      "Average Degree",
      "Max Degree",
      "Min Degree",
      "Network Density"
    ],
    "Value": [
      1005,
      1005,
      25571,
      42,
      "50.89",
      546,
      1,
      "0.050685"
    ]
  },
  "class_counts": {
    "1": 65,
    "21": 61,
    "25": 6,
    "14": 92,
    "9": 32,
    "26": 9,
    "4": 109,
    "17": 35,
    "34": 13,
    "11": 29,
    "5": 18,
    "10": 39,
    "36": 22,
    "37": 15,
    "7": 51,
    "22": 25,
    "8": 19,
    "15": 55,
    "3": 12,
    "29": 5,
    "20": 14,
    "16": 25,
    "38": 13,
    "27": 10,
    "13": 26,
    "6": 28,
    "0": 49,
    "28": 8,
    "2": 10,
    "40": 4,
    "35": 13,
    "23": 27,
    "19": 29,
    "24": 6,
    "32": 9,
    "31": 8,
    "39": 3,
    "12": 3,
    "30": 4,
    "41": 2,
    "18": 1,
    "33": 1
  },
  "degree_stats": {
    "mean": 50.88756218905473,
    "std": 60.12741276405354,
    "min": 1,
    "max": 546,
    "median": 32.0,
    "q25": 8.0,
    "q75": 71.0
  },
  "class_imbalance": {
    "imbalance_ratio": 109.0,
    "large_classes": 6,
    "small_classes": 14
  }
}